rank,uid,title,year,venue,url,problem_claimed,actual_mechanism,hidden_assumptions,variables_treated_as_fixed,failure_modes_ignored,what_it_makes_less_novel,what_it_leaves_open
1,doi:10.3390/rs13214481,Drone-Based Autonomous Motion Planning System for Outdoor Environments under Object Detection Uncertainty,2021,Remote Sensing,https://doi.org/10.3390/rs13214481,Addresses robot scene understanding or a neighboring robotics mechanism.,"Prior work usually predicts, ranks, filters, or imitates observed behavior rather than preserving unrealized branches.",The observed outcome is enough to supervise the model.,"Contact mode support, embodiment limits, and deployment perturbations.","Branch collapse, hidden-mode shift, and tail-risk planning failures.",Generic world models and generic uncertainty are crowded.,Workspace topology change detection keeps action-critical alternatives explicit until a physical observation collapses them.
2,doi:10.3390/rs14153709,Scene Changes Understanding Framework Based on Graph Convolutional Networks and Swin Transformer Blocks for Monitoring LCLU Using High-Resolution Remote Sensing Images,2022,Remote Sensing,https://doi.org/10.3390/rs14153709,Addresses robot scene understanding or a neighboring robotics mechanism.,"Prior work usually predicts, ranks, filters, or imitates observed behavior rather than preserving unrealized branches.",The observed outcome is enough to supervise the model.,"Contact mode support, embodiment limits, and deployment perturbations.","Branch collapse, hidden-mode shift, and tail-risk planning failures.",Generic world models and generic uncertainty are crowded.,Workspace topology change detection keeps action-critical alternatives explicit until a physical observation collapses them.
3,doi:10.3389/frobt.2026.1772005,Integrating foundation models with change detection to identify tasking for service robots,2026,Frontiers in Robotics and AI,https://doi.org/10.3389/frobt.2026.1772005,Addresses robot scene understanding or a neighboring robotics mechanism.,"Prior work usually predicts, ranks, filters, or imitates observed behavior rather than preserving unrealized branches.",The observed outcome is enough to supervise the model.,"Contact mode support, embodiment limits, and deployment perturbations.","Branch collapse, hidden-mode shift, and tail-risk planning failures.",Generic world models and generic uncertainty are crowded.,Workspace topology change detection keeps action-critical alternatives explicit until a physical observation collapses them.
4,doi:10.1109/lra.2025.3629964,Visual Scene Understanding-Based Task Planning for an Efficient Multipurpose Agricultural Robot System,2025,IEEE Robotics and Automation Letters,https://doi.org/10.1109/lra.2025.3629964,Addresses robot scene understanding or a neighboring robotics mechanism.,"Prior work usually predicts, ranks, filters, or imitates observed behavior rather than preserving unrealized branches.",The observed outcome is enough to supervise the model.,"Contact mode support, embodiment limits, and deployment perturbations.","Branch collapse, hidden-mode shift, and tail-risk planning failures.",Generic world models and generic uncertainty are crowded.,Workspace topology change detection keeps action-critical alternatives explicit until a physical observation collapses them.
5,doi:10.1109/lra.2025.3645659,Robust Task Planning via Failure Detection Using Scene Graph From Multi-View Images,2026,IEEE Robotics and Automation Letters,https://doi.org/10.1109/lra.2025.3645659,Addresses robot scene understanding or a neighboring robotics mechanism.,"Prior work usually predicts, ranks, filters, or imitates observed behavior rather than preserving unrealized branches.",The observed outcome is enough to supervise the model.,"Contact mode support, embodiment limits, and deployment perturbations.","Branch collapse, hidden-mode shift, and tail-risk planning failures.",Generic world models and generic uncertainty are crowded.,Workspace topology change detection keeps action-critical alternatives explicit until a physical observation collapses them.
6,doi:10.1109/icra55743.2025.11128568,Robust Scene Change Detection Using Visual Foundation Models and Cross-Attention Mechanisms,2025,2025 IEEE International Conference on Robotics and Automation (ICRA),https://doi.org/10.1109/icra55743.2025.11128568,Addresses robot scene understanding or a neighboring robotics mechanism.,"Prior work usually predicts, ranks, filters, or imitates observed behavior rather than preserving unrealized branches.",The observed outcome is enough to supervise the model.,"Contact mode support, embodiment limits, and deployment perturbations.","Branch collapse, hidden-mode shift, and tail-risk planning failures.",Generic world models and generic uncertainty are crowded.,Workspace topology change detection keeps action-critical alternatives explicit until a physical observation collapses them.
7,doi:10.2316/j.2026.206-1247,GRASPING TASK PLANNING ALGORITHM FOR DEXTEROUS HAND BASED ON SCENE UNDERSTANDING AND SEMANTIC INFORMATION. 295-306,2026,International Journal of Robotics and Automation,https://doi.org/10.2316/j.2026.206-1247,Addresses robot scene understanding or a neighboring robotics mechanism.,"Prior work usually predicts, ranks, filters, or imitates observed behavior rather than preserving unrealized branches.",The observed outcome is enough to supervise the model.,"Contact mode support, embodiment limits, and deployment perturbations.","Branch collapse, hidden-mode shift, and tail-risk planning failures.",Generic world models and generic uncertainty are crowded.,Workspace topology change detection keeps action-critical alternatives explicit until a physical observation collapses them.
8,doi:10.1109/tits.2022.3207665,"Vision-Based Semantic Segmentation in Scene Understanding for Autonomous Driving: Recent Achievements, Challenges, and Outlooks",2022,IEEE Transactions on Intelligent Transportation Systems,https://doi.org/10.1109/tits.2022.3207665,Addresses robot scene understanding or a neighboring robotics mechanism.,"Prior work usually predicts, ranks, filters, or imitates observed behavior rather than preserving unrealized branches.",The observed outcome is enough to supervise the model.,"Contact mode support, embodiment limits, and deployment perturbations.","Branch collapse, hidden-mode shift, and tail-risk planning failures.",Generic world models and generic uncertainty are crowded.,Workspace topology change detection keeps action-critical alternatives explicit until a physical observation collapses them.
9,doi:10.3390/electronics11152407,Planning Collision-Free Robot Motions in a Human–Robot Shared Workspace via Mixed Reality and Sensor-Fusion Skeleton Tracking,2022,Electronics,https://doi.org/10.3390/electronics11152407,Addresses robot scene understanding or a neighboring robotics mechanism.,"Prior work usually predicts, ranks, filters, or imitates observed behavior rather than preserving unrealized branches.",The observed outcome is enough to supervise the model.,"Contact mode support, embodiment limits, and deployment perturbations.","Branch collapse, hidden-mode shift, and tail-risk planning failures.",Generic world models and generic uncertainty are crowded.,Workspace topology change detection keeps action-critical alternatives explicit until a physical observation collapses them.
10,doi:10.3390/info16110939,ZeroDay-LLM: A Large Language Model Framework for Zero-Day Threat Detection in Cybersecurity,2025,Information,https://doi.org/10.3390/info16110939,Addresses robot scene understanding or a neighboring robotics mechanism.,"Prior work usually predicts, ranks, filters, or imitates observed behavior rather than preserving unrealized branches.",The observed outcome is enough to supervise the model.,"Contact mode support, embodiment limits, and deployment perturbations.","Branch collapse, hidden-mode shift, and tail-risk planning failures.",Generic world models and generic uncertainty are crowded.,Workspace topology change detection keeps action-critical alternatives explicit until a physical observation collapses them.
11,doi:10.1609/aaai.v38i16.29782,LLM vs Small Model? Large Language Model Based Text Augmentation Enhanced Personality Detection Model,2024,Proceedings of the AAAI Conference on Artificial Intelligence,https://doi.org/10.1609/aaai.v38i16.29782,Addresses robot scene understanding or a neighboring robotics mechanism.,"Prior work usually predicts, ranks, filters, or imitates observed behavior rather than preserving unrealized branches.",The observed outcome is enough to supervise the model.,"Contact mode support, embodiment limits, and deployment perturbations.","Branch collapse, hidden-mode shift, and tail-risk planning failures.",Generic world models and generic uncertainty are crowded.,Workspace topology change detection keeps action-critical alternatives explicit until a physical observation collapses them.
12,doi:10.1002/rob.22356,Vision detection and path planning of mobile robots for rebar binding,2024,Journal of Field Robotics,https://doi.org/10.1002/rob.22356,Addresses robot scene understanding or a neighboring robotics mechanism.,"Prior work usually predicts, ranks, filters, or imitates observed behavior rather than preserving unrealized branches.",The observed outcome is enough to supervise the model.,"Contact mode support, embodiment limits, and deployment perturbations.","Branch collapse, hidden-mode shift, and tail-risk planning failures.",Generic world models and generic uncertainty are crowded.,Workspace topology change detection keeps action-critical alternatives explicit until a physical observation collapses them.
13,doi:10.1177/0278364913482017,Topology-based representations for motion planning and generalization in dynamic environments with interactions,2013,The International Journal of Robotics Research,https://doi.org/10.1177/0278364913482017,Addresses robot scene understanding or a neighboring robotics mechanism.,"Prior work usually predicts, ranks, filters, or imitates observed behavior rather than preserving unrealized branches.",The observed outcome is enough to supervise the model.,"Contact mode support, embodiment limits, and deployment perturbations.","Branch collapse, hidden-mode shift, and tail-risk planning failures.",Generic world models and generic uncertainty are crowded.,Workspace topology change detection keeps action-critical alternatives explicit until a physical observation collapses them.
14,doi:10.3389/frobt.2023.1221739,Learning to reason over scene graphs: a case study of finetuning GPT-2 into a robot language model for grounded task planning,2023,Frontiers in Robotics and AI,https://doi.org/10.3389/frobt.2023.1221739,Addresses robot scene understanding or a neighboring robotics mechanism.,"Prior work usually predicts, ranks, filters, or imitates observed behavior rather than preserving unrealized branches.",The observed outcome is enough to supervise the model.,"Contact mode support, embodiment limits, and deployment perturbations.","Branch collapse, hidden-mode shift, and tail-risk planning failures.",Generic world models and generic uncertainty are crowded.,Workspace topology change detection keeps action-critical alternatives explicit until a physical observation collapses them.
15,doi:10.3390/rs16132355,Change Detection Methods for Remote Sensing in the Last Decade: A Comprehensive Review,2024,Remote Sensing,https://doi.org/10.3390/rs16132355,Addresses robot scene understanding or a neighboring robotics mechanism.,"Prior work usually predicts, ranks, filters, or imitates observed behavior rather than preserving unrealized branches.",The observed outcome is enough to supervise the model.,"Contact mode support, embodiment limits, and deployment perturbations.","Branch collapse, hidden-mode shift, and tail-risk planning failures.",Generic world models and generic uncertainty are crowded.,Workspace topology change detection keeps action-critical alternatives explicit until a physical observation collapses them.
16,doi:10.3390/app15179247,From Detection to Understanding: A Systematic Survey of Deep Learning for Scene Text Processing,2025,Applied Sciences,https://doi.org/10.3390/app15179247,Addresses robot scene understanding or a neighboring robotics mechanism.,"Prior work usually predicts, ranks, filters, or imitates observed behavior rather than preserving unrealized branches.",The observed outcome is enough to supervise the model.,"Contact mode support, embodiment limits, and deployment perturbations.","Branch collapse, hidden-mode shift, and tail-risk planning failures.",Generic world models and generic uncertainty are crowded.,Workspace topology change detection keeps action-critical alternatives explicit until a physical observation collapses them.
17,doi:10.1109/icra.2017.7989503,Collision detection for 3D rigid body motion planning with narrow passages,2017,2017 IEEE International Conference on Robotics and Automation (ICRA),https://doi.org/10.1109/icra.2017.7989503,Addresses robot scene understanding or a neighboring robotics mechanism.,"Prior work usually predicts, ranks, filters, or imitates observed behavior rather than preserving unrealized branches.",The observed outcome is enough to supervise the model.,"Contact mode support, embodiment limits, and deployment perturbations.","Branch collapse, hidden-mode shift, and tail-risk planning failures.",Generic world models and generic uncertainty are crowded.,Workspace topology change detection keeps action-critical alternatives explicit until a physical observation collapses them.
18,arxiv:2404.06442v2,QueSTMaps: Queryable Semantic Topological Maps for 3D Scene Understanding,2024,arXiv,http://arxiv.org/abs/2404.06442v2,Addresses robot scene understanding or a neighboring robotics mechanism.,"Prior work usually predicts, ranks, filters, or imitates observed behavior rather than preserving unrealized branches.",The observed outcome is enough to supervise the model.,"Contact mode support, embodiment limits, and deployment perturbations.","Branch collapse, hidden-mode shift, and tail-risk planning failures.",Generic world models and generic uncertainty are crowded.,Workspace topology change detection keeps action-critical alternatives explicit until a physical observation collapses them.
19,doi:10.61096/978-81-990998-4-5_3,Real-time Scene Detection on Edge Devices: Leveraging YOLOv10n for Contextual Understanding,2025,Machine Learning in Research and Practice: A Multidisciplinary Perspective,https://doi.org/10.61096/978-81-990998-4-5_3,Addresses robot scene understanding or a neighboring robotics mechanism.,"Prior work usually predicts, ranks, filters, or imitates observed behavior rather than preserving unrealized branches.",The observed outcome is enough to supervise the model.,"Contact mode support, embodiment limits, and deployment perturbations.","Branch collapse, hidden-mode shift, and tail-risk planning failures.",Generic world models and generic uncertainty are crowded.,Workspace topology change detection keeps action-critical alternatives explicit until a physical observation collapses them.
20,doi:10.61096/978-81-990998-5-2_3,Real-time Scene Detection on Edge Devices: Leveraging YOLOv10n for Contextual Understanding,2025,Machine Learning in Research and Practice: A Multidisciplinary Perspective,https://doi.org/10.61096/978-81-990998-5-2_3,Addresses robot scene understanding or a neighboring robotics mechanism.,"Prior work usually predicts, ranks, filters, or imitates observed behavior rather than preserving unrealized branches.",The observed outcome is enough to supervise the model.,"Contact mode support, embodiment limits, and deployment perturbations.","Branch collapse, hidden-mode shift, and tail-risk planning failures.",Generic world models and generic uncertainty are crowded.,Workspace topology change detection keeps action-critical alternatives explicit until a physical observation collapses them.
21,doi:10.3390/ijgi11040246,Urban Change Detection from Aerial Images Using Convolutional Neural Networks and Transfer Learning,2022,ISPRS International Journal of Geo-Information,https://doi.org/10.3390/ijgi11040246,Addresses robot scene understanding or a neighboring robotics mechanism.,"Prior work usually predicts, ranks, filters, or imitates observed behavior rather than preserving unrealized branches.",The observed outcome is enough to supervise the model.,"Contact mode support, embodiment limits, and deployment perturbations.","Branch collapse, hidden-mode shift, and tail-risk planning failures.",Generic world models and generic uncertainty are crowded.,Workspace topology change detection keeps action-critical alternatives explicit until a physical observation collapses them.
22,doi:10.47472/rijg3216,Expanding an understanding of urban resilience in the realm of adaptation planning,2019,Proceedings of the 55th ISOCARP World Planning Congress,https://doi.org/10.47472/rijg3216,Addresses robot scene understanding or a neighboring robotics mechanism.,"Prior work usually predicts, ranks, filters, or imitates observed behavior rather than preserving unrealized branches.",The observed outcome is enough to supervise the model.,"Contact mode support, embodiment limits, and deployment perturbations.","Branch collapse, hidden-mode shift, and tail-risk planning failures.",Generic world models and generic uncertainty are crowded.,Workspace topology change detection keeps action-critical alternatives explicit until a physical observation collapses them.
23,doi:10.1016/s0042-6989(00)00054-7,Failure to detect changes in color for lines rotating in depth: the effects of grouping and type of color change,2000,Vision Research,https://doi.org/10.1016/s0042-6989(00)00054-7,Addresses robot scene understanding or a neighboring robotics mechanism.,"Prior work usually predicts, ranks, filters, or imitates observed behavior rather than preserving unrealized branches.",The observed outcome is enough to supervise the model.,"Contact mode support, embodiment limits, and deployment perturbations.","Branch collapse, hidden-mode shift, and tail-risk planning failures.",Generic world models and generic uncertainty are crowded.,Workspace topology change detection keeps action-critical alternatives explicit until a physical observation collapses them.
24,doi:10.3390/ijgi15040161,SSPRCD: Scene Graph-Based Street-Scene Spatial Positional Relation Change Detection with Graph Differencing and Structural Quantification,2026,ISPRS International Journal of Geo-Information,https://doi.org/10.3390/ijgi15040161,Addresses robot scene understanding or a neighboring robotics mechanism.,"Prior work usually predicts, ranks, filters, or imitates observed behavior rather than preserving unrealized branches.",The observed outcome is enough to supervise the model.,"Contact mode support, embodiment limits, and deployment perturbations.","Branch collapse, hidden-mode shift, and tail-risk planning failures.",Generic world models and generic uncertainty are crowded.,Workspace topology change detection keeps action-critical alternatives explicit until a physical observation collapses them.
25,doi:10.1108/ir-04-2025-0142,Vision-based human–robot object handover in dynamic environments: a safety-aware framework with real-time anthropomorphic planning,2026,Industrial Robot: the international journal of robotics research and application,https://doi.org/10.1108/ir-04-2025-0142,Addresses robot scene understanding or a neighboring robotics mechanism.,"Prior work usually predicts, ranks, filters, or imitates observed behavior rather than preserving unrealized branches.",The observed outcome is enough to supervise the model.,"Contact mode support, embodiment limits, and deployment perturbations.","Branch collapse, hidden-mode shift, and tail-risk planning failures.",Generic world models and generic uncertainty are crowded.,Workspace topology change detection keeps action-critical alternatives explicit until a physical observation collapses them.
26,doi:10.3390/rs14174225,Detecting Object-Level Scene Changes in Images with Viewpoint Differences Using Graph Matching,2022,Remote Sensing,https://doi.org/10.3390/rs14174225,Addresses robot scene understanding or a neighboring robotics mechanism.,"Prior work usually predicts, ranks, filters, or imitates observed behavior rather than preserving unrealized branches.",The observed outcome is enough to supervise the model.,"Contact mode support, embodiment limits, and deployment perturbations.","Branch collapse, hidden-mode shift, and tail-risk planning failures.",Generic world models and generic uncertainty are crowded.,Workspace topology change detection keeps action-critical alternatives explicit until a physical observation collapses them.
27,arxiv:2504.21716v1,LLM-Empowered Embodied Agent for Memory-Augmented Task Planning in Household Robotics,2025,arXiv,http://arxiv.org/abs/2504.21716v1,Addresses robot scene understanding or a neighboring robotics mechanism.,"Prior work usually predicts, ranks, filters, or imitates observed behavior rather than preserving unrealized branches.",The observed outcome is enough to supervise the model.,"Contact mode support, embodiment limits, and deployment perturbations.","Branch collapse, hidden-mode shift, and tail-risk planning failures.",Generic world models and generic uncertainty are crowded.,Workspace topology change detection keeps action-critical alternatives explicit until a physical observation collapses them.
28,doi:10.1108/ria-09-2022-0226,Long-term robot manipulation task planning with scene graph and semantic knowledge,2023,Robotic Intelligence and Automation,https://doi.org/10.1108/ria-09-2022-0226,Addresses robot scene understanding or a neighboring robotics mechanism.,"Prior work usually predicts, ranks, filters, or imitates observed behavior rather than preserving unrealized branches.",The observed outcome is enough to supervise the model.,"Contact mode support, embodiment limits, and deployment perturbations.","Branch collapse, hidden-mode shift, and tail-risk planning failures.",Generic world models and generic uncertainty are crowded.,Workspace topology change detection keeps action-critical alternatives explicit until a physical observation collapses them.
29,doi:10.1108/ir-11-2024-0521,Cross-viewpoint robust object association and mapping for semantic scene understanding,2025,Industrial Robot: the international journal of robotics research and application,https://doi.org/10.1108/ir-11-2024-0521,Addresses robot scene understanding or a neighboring robotics mechanism.,"Prior work usually predicts, ranks, filters, or imitates observed behavior rather than preserving unrealized branches.",The observed outcome is enough to supervise the model.,"Contact mode support, embodiment limits, and deployment perturbations.","Branch collapse, hidden-mode shift, and tail-risk planning failures.",Generic world models and generic uncertainty are crowded.,Workspace topology change detection keeps action-critical alternatives explicit until a physical observation collapses them.
30,arxiv:2409.11870v1,SpotLight: Robotic Scene Understanding through Interaction and Affordance Detection,2024,arXiv,http://arxiv.org/abs/2409.11870v1,Addresses robot scene understanding or a neighboring robotics mechanism.,"Prior work usually predicts, ranks, filters, or imitates observed behavior rather than preserving unrealized branches.",The observed outcome is enough to supervise the model.,"Contact mode support, embodiment limits, and deployment perturbations.","Branch collapse, hidden-mode shift, and tail-risk planning failures.",Generic world models and generic uncertainty are crowded.,Workspace topology change detection keeps action-critical alternatives explicit until a physical observation collapses them.
31,doi:10.1016/j.rcim.2021.102304,Vision-based holistic scene understanding towards proactive human–robot collaboration,2022,Robotics and Computer-Integrated Manufacturing,https://doi.org/10.1016/j.rcim.2021.102304,Addresses robot scene understanding or a neighboring robotics mechanism.,"Prior work usually predicts, ranks, filters, or imitates observed behavior rather than preserving unrealized branches.",The observed outcome is enough to supervise the model.,"Contact mode support, embodiment limits, and deployment perturbations.","Branch collapse, hidden-mode shift, and tail-risk planning failures.",Generic world models and generic uncertainty are crowded.,Workspace topology change detection keeps action-critical alternatives explicit until a physical observation collapses them.
32,doi:10.1016/j.robot.2023.104580,"Towards comprehensive understanding of pedestrians for autonomous driving: Efficient multi-task-learning-based pedestrian detection, tracking and attribute recognition",2024,Robotics and Autonomous Systems,https://doi.org/10.1016/j.robot.2023.104580,Addresses robot scene understanding or a neighboring robotics mechanism.,"Prior work usually predicts, ranks, filters, or imitates observed behavior rather than preserving unrealized branches.",The observed outcome is enough to supervise the model.,"Contact mode support, embodiment limits, and deployment perturbations.","Branch collapse, hidden-mode shift, and tail-risk planning failures.",Generic world models and generic uncertainty are crowded.,Workspace topology change detection keeps action-critical alternatives explicit until a physical observation collapses them.
33,doi:10.3390/w17142111,Intelligent Flood Scene Understanding Using Computer Vision-Based Multi-Object Tracking,2025,Water,https://doi.org/10.3390/w17142111,Addresses robot scene understanding or a neighboring robotics mechanism.,"Prior work usually predicts, ranks, filters, or imitates observed behavior rather than preserving unrealized branches.",The observed outcome is enough to supervise the model.,"Contact mode support, embodiment limits, and deployment perturbations.","Branch collapse, hidden-mode shift, and tail-risk planning failures.",Generic world models and generic uncertainty are crowded.,Workspace topology change detection keeps action-critical alternatives explicit until a physical observation collapses them.
34,doi:10.54254/2755-2721/2025.ast27134,Integrating Motion Planning in Vision Language Action Agents,2025,Applied and Computational Engineering,https://doi.org/10.54254/2755-2721/2025.ast27134,Addresses robot scene understanding or a neighboring robotics mechanism.,"Prior work usually predicts, ranks, filters, or imitates observed behavior rather than preserving unrealized branches.",The observed outcome is enough to supervise the model.,"Contact mode support, embodiment limits, and deployment perturbations.","Branch collapse, hidden-mode shift, and tail-risk planning failures.",Generic world models and generic uncertainty are crowded.,Workspace topology change detection keeps action-critical alternatives explicit until a physical observation collapses them.
35,doi:10.3390/vehicles8020028,Real-Time 3D Scene Understanding for Road Safety: Depth Estimation and Object Detection for Autonomous Vehicle Awareness,2026,Vehicles,https://doi.org/10.3390/vehicles8020028,Addresses robot scene understanding or a neighboring robotics mechanism.,"Prior work usually predicts, ranks, filters, or imitates observed behavior rather than preserving unrealized branches.",The observed outcome is enough to supervise the model.,"Contact mode support, embodiment limits, and deployment perturbations.","Branch collapse, hidden-mode shift, and tail-risk planning failures.",Generic world models and generic uncertainty are crowded.,Workspace topology change detection keeps action-critical alternatives explicit until a physical observation collapses them.
36,doi:10.20517/ir.2022.18,An informative planning-based multi-layer robot navigation system as applied in a poultry barn,2022,Intelligence & Robotics,https://doi.org/10.20517/ir.2022.18,Addresses robot scene understanding or a neighboring robotics mechanism.,"Prior work usually predicts, ranks, filters, or imitates observed behavior rather than preserving unrealized branches.",The observed outcome is enough to supervise the model.,"Contact mode support, embodiment limits, and deployment perturbations.","Branch collapse, hidden-mode shift, and tail-risk planning failures.",Generic world models and generic uncertainty are crowded.,Workspace topology change detection keeps action-critical alternatives explicit until a physical observation collapses them.
37,doi:10.2139/ssrn.6486785,VAST-Planner: Efficient Quadrotor Motion Planning via Voronoi-BasedAdaptive Topology and Joint Spatial-Temporal Optimization,,,https://doi.org/10.2139/ssrn.6486785,Addresses robot scene understanding or a neighboring robotics mechanism.,"Prior work usually predicts, ranks, filters, or imitates observed behavior rather than preserving unrealized branches.",The observed outcome is enough to supervise the model.,"Contact mode support, embodiment limits, and deployment perturbations.","Branch collapse, hidden-mode shift, and tail-risk planning failures.",Generic world models and generic uncertainty are crowded.,Workspace topology change detection keeps action-critical alternatives explicit until a physical observation collapses them.
38,doi:10.3390/rs12101688,Change Detection Based on Artificial Intelligence: State-of-the-Art and Challenges,2020,Remote Sensing,https://doi.org/10.3390/rs12101688,Addresses robot scene understanding or a neighboring robotics mechanism.,"Prior work usually predicts, ranks, filters, or imitates observed behavior rather than preserving unrealized branches.",The observed outcome is enough to supervise the model.,"Contact mode support, embodiment limits, and deployment perturbations.","Branch collapse, hidden-mode shift, and tail-risk planning failures.",Generic world models and generic uncertainty are crowded.,Workspace topology change detection keeps action-critical alternatives explicit until a physical observation collapses them.
39,doi:10.1038/s41598-025-24838-3,Uncertainty weighted multi task learning for robust traffic scene semantic understanding,2025,Scientific Reports,https://doi.org/10.1038/s41598-025-24838-3,Addresses robot scene understanding or a neighboring robotics mechanism.,"Prior work usually predicts, ranks, filters, or imitates observed behavior rather than preserving unrealized branches.",The observed outcome is enough to supervise the model.,"Contact mode support, embodiment limits, and deployment perturbations.","Branch collapse, hidden-mode shift, and tail-risk planning failures.",Generic world models and generic uncertainty are crowded.,Workspace topology change detection keeps action-critical alternatives explicit until a physical observation collapses them.
40,doi:10.1109/case59546.2024.10711845,Vision-language model-driven scene understanding and robotic object manipulation,2024,2024 IEEE 20th International Conference on Automation Science and Engineering (CASE),https://doi.org/10.1109/case59546.2024.10711845,Addresses robot scene understanding or a neighboring robotics mechanism.,"Prior work usually predicts, ranks, filters, or imitates observed behavior rather than preserving unrealized branches.",The observed outcome is enough to supervise the model.,"Contact mode support, embodiment limits, and deployment perturbations.","Branch collapse, hidden-mode shift, and tail-risk planning failures.",Generic world models and generic uncertainty are crowded.,Workspace topology change detection keeps action-critical alternatives explicit until a physical observation collapses them.
41,doi:10.1109/icra57147.2024.10610599,Optimal Scene Graph Planning with Large Language Model Guidance,2024,2024 IEEE International Conference on Robotics and Automation (ICRA),https://doi.org/10.1109/icra57147.2024.10610599,Addresses robot scene understanding or a neighboring robotics mechanism.,"Prior work usually predicts, ranks, filters, or imitates observed behavior rather than preserving unrealized branches.",The observed outcome is enough to supervise the model.,"Contact mode support, embodiment limits, and deployment perturbations.","Branch collapse, hidden-mode shift, and tail-risk planning failures.",Generic world models and generic uncertainty are crowded.,Workspace topology change detection keeps action-critical alternatives explicit until a physical observation collapses them.
42,doi:10.3390/app9102110,"A Survey on Deep Learning-Driven Remote Sensing Image Scene Understanding: Scene Classification, Scene Retrieval and Scene-Guided Object Detection",2019,Applied Sciences,https://doi.org/10.3390/app9102110,Addresses robot scene understanding or a neighboring robotics mechanism.,"Prior work usually predicts, ranks, filters, or imitates observed behavior rather than preserving unrealized branches.",The observed outcome is enough to supervise the model.,"Contact mode support, embodiment limits, and deployment perturbations.","Branch collapse, hidden-mode shift, and tail-risk planning failures.",Generic world models and generic uncertainty are crowded.,Workspace topology change detection keeps action-critical alternatives explicit until a physical observation collapses them.
43,doi:10.1142/s2301385025500566,DMTM: Fast Obstacle Detection and Tracking for Motion Planning,2025,Unmanned Systems,https://doi.org/10.1142/s2301385025500566,Addresses robot scene understanding or a neighboring robotics mechanism.,"Prior work usually predicts, ranks, filters, or imitates observed behavior rather than preserving unrealized branches.",The observed outcome is enough to supervise the model.,"Contact mode support, embodiment limits, and deployment perturbations.","Branch collapse, hidden-mode shift, and tail-risk planning failures.",Generic world models and generic uncertainty are crowded.,Workspace topology change detection keeps action-critical alternatives explicit until a physical observation collapses them.
44,arxiv:2207.05006v1,TASKOGRAPHY: Evaluating robot task planning over large 3D scene graphs,2022,arXiv,http://arxiv.org/abs/2207.05006v1,Addresses robot scene understanding or a neighboring robotics mechanism.,"Prior work usually predicts, ranks, filters, or imitates observed behavior rather than preserving unrealized branches.",The observed outcome is enough to supervise the model.,"Contact mode support, embodiment limits, and deployment perturbations.","Branch collapse, hidden-mode shift, and tail-risk planning failures.",Generic world models and generic uncertainty are crowded.,Workspace topology change detection keeps action-critical alternatives explicit until a physical observation collapses them.
45,arxiv:2602.23545v2,Planning under Distribution Shifts with Causal POMDPs,2026,arXiv,http://arxiv.org/abs/2602.23545v2,Addresses robot scene understanding or a neighboring robotics mechanism.,"Prior work usually predicts, ranks, filters, or imitates observed behavior rather than preserving unrealized branches.",The observed outcome is enough to supervise the model.,"Contact mode support, embodiment limits, and deployment perturbations.","Branch collapse, hidden-mode shift, and tail-risk planning failures.",Generic world models and generic uncertainty are crowded.,Workspace topology change detection keeps action-critical alternatives explicit until a physical observation collapses them.
46,doi:10.1109/wacvw65960.2025.00115,Evaluating Multimodal Vision-Language Model Prompting Strategies for Visual Question Answering in Road Scene Understanding,2025,2025 IEEE/CVF Winter Conference on Applications of Computer Vision Workshops (WACVW),https://doi.org/10.1109/wacvw65960.2025.00115,Addresses robot scene understanding or a neighboring robotics mechanism.,"Prior work usually predicts, ranks, filters, or imitates observed behavior rather than preserving unrealized branches.",The observed outcome is enough to supervise the model.,"Contact mode support, embodiment limits, and deployment perturbations.","Branch collapse, hidden-mode shift, and tail-risk planning failures.",Generic world models and generic uncertainty are crowded.,Workspace topology change detection keeps action-critical alternatives explicit until a physical observation collapses them.
47,doi:10.1006/cviu.1998.0711,Efficient Scene Change Detection and Camera Motion Annotation for Video Classification,1998,Computer Vision and Image Understanding,https://doi.org/10.1006/cviu.1998.0711,Addresses robot scene understanding or a neighboring robotics mechanism.,"Prior work usually predicts, ranks, filters, or imitates observed behavior rather than preserving unrealized branches.",The observed outcome is enough to supervise the model.,"Contact mode support, embodiment limits, and deployment perturbations.","Branch collapse, hidden-mode shift, and tail-risk planning failures.",Generic world models and generic uncertainty are crowded.,Workspace topology change detection keeps action-critical alternatives explicit until a physical observation collapses them.
48,doi:10.1177/0278364905060132,Using Workspace Information as a Guide to Non-uniform Sampling in Probabilistic Roadmap Planners,2005,The International Journal of Robotics Research,https://doi.org/10.1177/0278364905060132,Addresses robot scene understanding or a neighboring robotics mechanism.,"Prior work usually predicts, ranks, filters, or imitates observed behavior rather than preserving unrealized branches.",The observed outcome is enough to supervise the model.,"Contact mode support, embodiment limits, and deployment perturbations.","Branch collapse, hidden-mode shift, and tail-risk planning failures.",Generic world models and generic uncertainty are crowded.,Workspace topology change detection keeps action-critical alternatives explicit until a physical observation collapses them.
49,doi:10.65521/intjournalrecadvengtech.v14i2.2711,Graph Neural Network-Based Computer Vision Framework for Real-Time Object Detection and Scene Understanding,2025,International Journal of Recent Advances in Engineering and Technology,https://doi.org/10.65521/intjournalrecadvengtech.v14i2.2711,Addresses robot scene understanding or a neighboring robotics mechanism.,"Prior work usually predicts, ranks, filters, or imitates observed behavior rather than preserving unrealized branches.",The observed outcome is enough to supervise the model.,"Contact mode support, embodiment limits, and deployment perturbations.","Branch collapse, hidden-mode shift, and tail-risk planning failures.",Generic world models and generic uncertainty are crowded.,Workspace topology change detection keeps action-critical alternatives explicit until a physical observation collapses them.
50,doi:10.21203/rs.3.rs-9773636/v1,Topology-Aware Trigonometric Barrier Geometry for Safety-Margin Robot Motion Planning on Periodic Configuration Spaces,,,https://doi.org/10.21203/rs.3.rs-9773636/v1,Addresses robot scene understanding or a neighboring robotics mechanism.,"Prior work usually predicts, ranks, filters, or imitates observed behavior rather than preserving unrealized branches.",The observed outcome is enough to supervise the model.,"Contact mode support, embodiment limits, and deployment perturbations.","Branch collapse, hidden-mode shift, and tail-risk planning failures.",Generic world models and generic uncertainty are crowded.,Workspace topology change detection keeps action-critical alternatives explicit until a physical observation collapses them.
51,doi:10.2139/ssrn.6787692,A Vision-Language Model Framework Embedding COLREGs forImproving Scene Understanding of Autonomous Ships,,,https://doi.org/10.2139/ssrn.6787692,Addresses robot scene understanding or a neighboring robotics mechanism.,"Prior work usually predicts, ranks, filters, or imitates observed behavior rather than preserving unrealized branches.",The observed outcome is enough to supervise the model.,"Contact mode support, embodiment limits, and deployment perturbations.","Branch collapse, hidden-mode shift, and tail-risk planning failures.",Generic world models and generic uncertainty are crowded.,Workspace topology change detection keeps action-critical alternatives explicit until a physical observation collapses them.
52,doi:10.1006/cviu.2000.0858,Scene-Based Shot Change Detection and Comparative Evaluation,2000,Computer Vision and Image Understanding,https://doi.org/10.1006/cviu.2000.0858,Addresses robot scene understanding or a neighboring robotics mechanism.,"Prior work usually predicts, ranks, filters, or imitates observed behavior rather than preserving unrealized branches.",The observed outcome is enough to supervise the model.,"Contact mode support, embodiment limits, and deployment perturbations.","Branch collapse, hidden-mode shift, and tail-risk planning failures.",Generic world models and generic uncertainty are crowded.,Workspace topology change detection keeps action-critical alternatives explicit until a physical observation collapses them.
53,doi:10.51202/9783181024560-125,"Potenziale und Anforderungen zur Nutzung von Large-Language Modellen für das Szenenverständnis und die Bewegungsplanung im Autonomen Fahren Framework, Benchmark und Modellansätze für räumliches und zeitliches Szenenverständnis Potentials and Requirements for Using Large Language Models in Scene Understanding and Motion Planning for Autonomous Driving Framework, Benchmark, and Model Approaches for Spatial and Temporal Scene Understanding",2025,Fahrerassistenzsysteme und Automatisiertes Fahren,https://doi.org/10.51202/9783181024560-125,Addresses robot scene understanding or a neighboring robotics mechanism.,"Prior work usually predicts, ranks, filters, or imitates observed behavior rather than preserving unrealized branches.",The observed outcome is enough to supervise the model.,"Contact mode support, embodiment limits, and deployment perturbations.","Branch collapse, hidden-mode shift, and tail-risk planning failures.",Generic world models and generic uncertainty are crowded.,Workspace topology change detection keeps action-critical alternatives explicit until a physical observation collapses them.
54,doi:10.1155/2021/1055604,A Garbage Detection and Classification Method Based on Visual Scene Understanding in the Home Environment,2021,Complexity,https://doi.org/10.1155/2021/1055604,Addresses robot scene understanding or a neighboring robotics mechanism.,"Prior work usually predicts, ranks, filters, or imitates observed behavior rather than preserving unrealized branches.",The observed outcome is enough to supervise the model.,"Contact mode support, embodiment limits, and deployment perturbations.","Branch collapse, hidden-mode shift, and tail-risk planning failures.",Generic world models and generic uncertainty are crowded.,Workspace topology change detection keeps action-critical alternatives explicit until a physical observation collapses them.
55,doi:10.1177/17298806241283382,A fast collision detection method based on point clouds and stretched primitives for manipulator obstacle-avoidance motion planning,2024,International Journal of Advanced Robotic Systems,https://doi.org/10.1177/17298806241283382,Addresses robot scene understanding or a neighboring robotics mechanism.,"Prior work usually predicts, ranks, filters, or imitates observed behavior rather than preserving unrealized branches.",The observed outcome is enough to supervise the model.,"Contact mode support, embodiment limits, and deployment perturbations.","Branch collapse, hidden-mode shift, and tail-risk planning failures.",Generic world models and generic uncertainty are crowded.,Workspace topology change detection keeps action-critical alternatives explicit until a physical observation collapses them.
56,arxiv:2603.13782v1,Your Vision-Language-Action Model Already Has Attention Heads For Path Deviation Detection,2026,arXiv,http://arxiv.org/abs/2603.13782v1,Addresses robot scene understanding or a neighboring robotics mechanism.,"Prior work usually predicts, ranks, filters, or imitates observed behavior rather than preserving unrealized branches.",The observed outcome is enough to supervise the model.,"Contact mode support, embodiment limits, and deployment perturbations.","Branch collapse, hidden-mode shift, and tail-risk planning failures.",Generic world models and generic uncertainty are crowded.,Workspace topology change detection keeps action-critical alternatives explicit until a physical observation collapses them.
57,doi:10.1007/s44267-025-00075-0,MIRSAM: multimodal vision-language segment anything model for infrared small target detection,2025,Visual Intelligence,https://doi.org/10.1007/s44267-025-00075-0,Addresses robot scene understanding or a neighboring robotics mechanism.,"Prior work usually predicts, ranks, filters, or imitates observed behavior rather than preserving unrealized branches.",The observed outcome is enough to supervise the model.,"Contact mode support, embodiment limits, and deployment perturbations.","Branch collapse, hidden-mode shift, and tail-risk planning failures.",Generic world models and generic uncertainty are crowded.,Workspace topology change detection keeps action-critical alternatives explicit until a physical observation collapses them.
58,arxiv:2512.19178v1,Vision-Language-Policy Model for Dynamic Robot Task Planning,2025,arXiv,http://arxiv.org/abs/2512.19178v1,Addresses robot scene understanding or a neighboring robotics mechanism.,"Prior work usually predicts, ranks, filters, or imitates observed behavior rather than preserving unrealized branches.",The observed outcome is enough to supervise the model.,"Contact mode support, embodiment limits, and deployment perturbations.","Branch collapse, hidden-mode shift, and tail-risk planning failures.",Generic world models and generic uncertainty are crowded.,Workspace topology change detection keeps action-critical alternatives explicit until a physical observation collapses them.
59,doi:10.1007/s10846-023-01935-x,Auction-Based Task Allocation and Motion Planning for Multi-Robot Systems with Human Supervision,2023,Journal of Intelligent & Robotic Systems,https://doi.org/10.1007/s10846-023-01935-x,Addresses robot scene understanding or a neighboring robotics mechanism.,"Prior work usually predicts, ranks, filters, or imitates observed behavior rather than preserving unrealized branches.",The observed outcome is enough to supervise the model.,"Contact mode support, embodiment limits, and deployment perturbations.","Branch collapse, hidden-mode shift, and tail-risk planning failures.",Generic world models and generic uncertainty are crowded.,Workspace topology change detection keeps action-critical alternatives explicit until a physical observation collapses them.
60,doi:10.1016/j.cviu.2008.07.004,Scene modeling and change detection in dynamic scenes: A subspace approach,2009,Computer Vision and Image Understanding,https://doi.org/10.1016/j.cviu.2008.07.004,Addresses robot scene understanding or a neighboring robotics mechanism.,"Prior work usually predicts, ranks, filters, or imitates observed behavior rather than preserving unrealized branches.",The observed outcome is enough to supervise the model.,"Contact mode support, embodiment limits, and deployment perturbations.","Branch collapse, hidden-mode shift, and tail-risk planning failures.",Generic world models and generic uncertainty are crowded.,Workspace topology change detection keeps action-critical alternatives explicit until a physical observation collapses them.
61,doi:10.3390/app14062374,New Eldercare Robot with Path-Planning and Fall-Detection Capabilities,2024,Applied Sciences,https://doi.org/10.3390/app14062374,Addresses robot scene understanding or a neighboring robotics mechanism.,"Prior work usually predicts, ranks, filters, or imitates observed behavior rather than preserving unrealized branches.",The observed outcome is enough to supervise the model.,"Contact mode support, embodiment limits, and deployment perturbations.","Branch collapse, hidden-mode shift, and tail-risk planning failures.",Generic world models and generic uncertainty are crowded.,Workspace topology change detection keeps action-critical alternatives explicit until a physical observation collapses them.
62,doi:10.3390/atmos13081321,A Coverage Sampling Path Planning Method Suitable for UAV 3D Space Atmospheric Environment Detection,2022,Atmosphere,https://doi.org/10.3390/atmos13081321,Addresses robot scene understanding or a neighboring robotics mechanism.,"Prior work usually predicts, ranks, filters, or imitates observed behavior rather than preserving unrealized branches.",The observed outcome is enough to supervise the model.,"Contact mode support, embodiment limits, and deployment perturbations.","Branch collapse, hidden-mode shift, and tail-risk planning failures.",Generic world models and generic uncertainty are crowded.,Workspace topology change detection keeps action-critical alternatives explicit until a physical observation collapses them.
63,doi:10.1609/aaai.v38i20.30216,CityPulse: Fine-Grained Assessment of Urban Change with Street View Time Series,2024,Proceedings of the AAAI Conference on Artificial Intelligence,https://doi.org/10.1609/aaai.v38i20.30216,Addresses robot scene understanding or a neighboring robotics mechanism.,"Prior work usually predicts, ranks, filters, or imitates observed behavior rather than preserving unrealized branches.",The observed outcome is enough to supervise the model.,"Contact mode support, embodiment limits, and deployment perturbations.","Branch collapse, hidden-mode shift, and tail-risk planning failures.",Generic world models and generic uncertainty are crowded.,Workspace topology change detection keeps action-critical alternatives explicit until a physical observation collapses them.
64,doi:10.1109/lra.2024.3483042,Enhancing Scene Understanding for Vision-and-Language Navigation by Knowledge Awareness,2024,IEEE Robotics and Automation Letters,https://doi.org/10.1109/lra.2024.3483042,Addresses robot scene understanding or a neighboring robotics mechanism.,"Prior work usually predicts, ranks, filters, or imitates observed behavior rather than preserving unrealized branches.",The observed outcome is enough to supervise the model.,"Contact mode support, embodiment limits, and deployment perturbations.","Branch collapse, hidden-mode shift, and tail-risk planning failures.",Generic world models and generic uncertainty are crowded.,Workspace topology change detection keeps action-critical alternatives explicit until a physical observation collapses them.
65,doi:10.1515/jccall-2024-0010,Online language teaching in times of change: a CALL to action for language teachers and educators,2024,Journal of China Computer-Assisted Language Learning,https://doi.org/10.1515/jccall-2024-0010,Addresses robot scene understanding or a neighboring robotics mechanism.,"Prior work usually predicts, ranks, filters, or imitates observed behavior rather than preserving unrealized branches.",The observed outcome is enough to supervise the model.,"Contact mode support, embodiment limits, and deployment perturbations.","Branch collapse, hidden-mode shift, and tail-risk planning failures.",Generic world models and generic uncertainty are crowded.,Workspace topology change detection keeps action-critical alternatives explicit until a physical observation collapses them.
66,doi:10.56397/ist.2023.07.03,Multi-Track Path Planning of Outdoor Scanning Robot in Unknown Scene,2023,Innovation in Science and Technology,https://doi.org/10.56397/ist.2023.07.03,Addresses robot scene understanding or a neighboring robotics mechanism.,"Prior work usually predicts, ranks, filters, or imitates observed behavior rather than preserving unrealized branches.",The observed outcome is enough to supervise the model.,"Contact mode support, embodiment limits, and deployment perturbations.","Branch collapse, hidden-mode shift, and tail-risk planning failures.",Generic world models and generic uncertainty are crowded.,Workspace topology change detection keeps action-critical alternatives explicit until a physical observation collapses them.
67,doi:10.15607/rss.2025.xxi.073,Can We Detect Failures Without Failure Data? Uncertainty-Aware Runtime Failure Detection for Imitation Learning Policies,2025,,https://doi.org/10.15607/rss.2025.xxi.073,Addresses robot scene understanding or a neighboring robotics mechanism.,"Prior work usually predicts, ranks, filters, or imitates observed behavior rather than preserving unrealized branches.",The observed outcome is enough to supervise the model.,"Contact mode support, embodiment limits, and deployment perturbations.","Branch collapse, hidden-mode shift, and tail-risk planning failures.",Generic world models and generic uncertainty are crowded.,Workspace topology change detection keeps action-critical alternatives explicit until a physical observation collapses them.
68,arxiv:2512.14020v1,Deep Learning Perspective of Scene Understanding in Autonomous Robots,2025,arXiv,http://arxiv.org/abs/2512.14020v1,Addresses robot scene understanding or a neighboring robotics mechanism.,"Prior work usually predicts, ranks, filters, or imitates observed behavior rather than preserving unrealized branches.",The observed outcome is enough to supervise the model.,"Contact mode support, embodiment limits, and deployment perturbations.","Branch collapse, hidden-mode shift, and tail-risk planning failures.",Generic world models and generic uncertainty are crowded.,Workspace topology change detection keeps action-critical alternatives explicit until a physical observation collapses them.
69,arxiv:2209.15376v3,NBV-SC: Next Best View Planning based on Shape Completion for Fruit Mapping and Reconstruction,2022,arXiv,http://arxiv.org/abs/2209.15376v3,Addresses robot scene understanding or a neighboring robotics mechanism.,"Prior work usually predicts, ranks, filters, or imitates observed behavior rather than preserving unrealized branches.",The observed outcome is enough to supervise the model.,"Contact mode support, embodiment limits, and deployment perturbations.","Branch collapse, hidden-mode shift, and tail-risk planning failures.",Generic world models and generic uncertainty are crowded.,Workspace topology change detection keeps action-critical alternatives explicit until a physical observation collapses them.
70,doi:10.1108/01439910510629208,Weighted path planning based on collision detection,2005,Industrial Robot: An International Journal,https://doi.org/10.1108/01439910510629208,Addresses robot scene understanding or a neighboring robotics mechanism.,"Prior work usually predicts, ranks, filters, or imitates observed behavior rather than preserving unrealized branches.",The observed outcome is enough to supervise the model.,"Contact mode support, embodiment limits, and deployment perturbations.","Branch collapse, hidden-mode shift, and tail-risk planning failures.",Generic world models and generic uncertainty are crowded.,Workspace topology change detection keeps action-critical alternatives explicit until a physical observation collapses them.
71,arxiv:2307.06135v2,SayPlan: Grounding Large Language Models using 3D Scene Graphs for Scalable Robot Task Planning,2023,arXiv,http://arxiv.org/abs/2307.06135v2,Addresses robot scene understanding or a neighboring robotics mechanism.,"Prior work usually predicts, ranks, filters, or imitates observed behavior rather than preserving unrealized branches.",The observed outcome is enough to supervise the model.,"Contact mode support, embodiment limits, and deployment perturbations.","Branch collapse, hidden-mode shift, and tail-risk planning failures.",Generic world models and generic uncertainty are crowded.,Workspace topology change detection keeps action-critical alternatives explicit until a physical observation collapses them.
72,doi:10.1109/icacs55311.2023.10089658,Object Detection and Segmentation for Scene Understanding via Random Forest,2023,2023 4th International Conference on Advancements in Computational Sciences (ICACS),https://doi.org/10.1109/icacs55311.2023.10089658,Addresses robot scene understanding or a neighboring robotics mechanism.,"Prior work usually predicts, ranks, filters, or imitates observed behavior rather than preserving unrealized branches.",The observed outcome is enough to supervise the model.,"Contact mode support, embodiment limits, and deployment perturbations.","Branch collapse, hidden-mode shift, and tail-risk planning failures.",Generic world models and generic uncertainty are crowded.,Workspace topology change detection keeps action-critical alternatives explicit until a physical observation collapses them.
73,arxiv:2410.11989v6,Dynamic Open-Vocabulary 3D Scene Graphs for Long-term Language-Guided Mobile Manipulation,2024,arXiv,http://arxiv.org/abs/2410.11989v6,Addresses robot scene understanding or a neighboring robotics mechanism.,"Prior work usually predicts, ranks, filters, or imitates observed behavior rather than preserving unrealized branches.",The observed outcome is enough to supervise the model.,"Contact mode support, embodiment limits, and deployment perturbations.","Branch collapse, hidden-mode shift, and tail-risk planning failures.",Generic world models and generic uncertainty are crowded.,Workspace topology change detection keeps action-critical alternatives explicit until a physical observation collapses them.
74,doi:10.4218/etrij.2025-0063,DOROS: A multilevel traffic dataset for dynamic urban scene understanding,2025,ETRI Journal,https://doi.org/10.4218/etrij.2025-0063,Addresses robot scene understanding or a neighboring robotics mechanism.,"Prior work usually predicts, ranks, filters, or imitates observed behavior rather than preserving unrealized branches.",The observed outcome is enough to supervise the model.,"Contact mode support, embodiment limits, and deployment perturbations.","Branch collapse, hidden-mode shift, and tail-risk planning failures.",Generic world models and generic uncertainty are crowded.,Workspace topology change detection keeps action-critical alternatives explicit until a physical observation collapses them.
75,doi:10.1155/2022/8467627,Research on Lane Change Motion Planning Steering Input Based on Optimal Control Theory,2022,Mathematical Problems in Engineering,https://doi.org/10.1155/2022/8467627,Addresses robot scene understanding or a neighboring robotics mechanism.,"Prior work usually predicts, ranks, filters, or imitates observed behavior rather than preserving unrealized branches.",The observed outcome is enough to supervise the model.,"Contact mode support, embodiment limits, and deployment perturbations.","Branch collapse, hidden-mode shift, and tail-risk planning failures.",Generic world models and generic uncertainty are crowded.,Workspace topology change detection keeps action-critical alternatives explicit until a physical observation collapses them.
76,doi:10.51202/9783186815125,An Integrated Approach for Traffic Scene Understanding from Monocular Cameras,2021,,https://doi.org/10.51202/9783186815125,Addresses robot scene understanding or a neighboring robotics mechanism.,"Prior work usually predicts, ranks, filters, or imitates observed behavior rather than preserving unrealized branches.",The observed outcome is enough to supervise the model.,"Contact mode support, embodiment limits, and deployment perturbations.","Branch collapse, hidden-mode shift, and tail-risk planning failures.",Generic world models and generic uncertainty are crowded.,Workspace topology change detection keeps action-critical alternatives explicit until a physical observation collapses them.
77,doi:10.1109/raiic65850.2025.11170191,Application of Vision-Language Models to Pedestrian Behavior Prediction and Scene Understanding in Autonomous Driving,2025,"2025 4th International Conference on Robotics, Artificial Intelligence and Intelligent Control (RAIIC)",https://doi.org/10.1109/raiic65850.2025.11170191,Addresses robot scene understanding or a neighboring robotics mechanism.,"Prior work usually predicts, ranks, filters, or imitates observed behavior rather than preserving unrealized branches.",The observed outcome is enough to supervise the model.,"Contact mode support, embodiment limits, and deployment perturbations.","Branch collapse, hidden-mode shift, and tail-risk planning failures.",Generic world models and generic uncertainty are crowded.,Workspace topology change detection keeps action-critical alternatives explicit until a physical observation collapses them.
78,doi:10.1109/lra.2022.3157567,Reasoning With Scene Graphs for Robot Planning Under Partial Observability,2022,IEEE Robotics and Automation Letters,https://doi.org/10.1109/lra.2022.3157567,Addresses robot scene understanding or a neighboring robotics mechanism.,"Prior work usually predicts, ranks, filters, or imitates observed behavior rather than preserving unrealized branches.",The observed outcome is enough to supervise the model.,"Contact mode support, embodiment limits, and deployment perturbations.","Branch collapse, hidden-mode shift, and tail-risk planning failures.",Generic world models and generic uncertainty are crowded.,Workspace topology change detection keeps action-critical alternatives explicit until a physical observation collapses them.
79,arxiv:2205.09336v2,Creating Star Worlds: Reshaping the Robot Workspace for Online Motion Planning,2022,arXiv,http://arxiv.org/abs/2205.09336v2,Addresses robot scene understanding or a neighboring robotics mechanism.,"Prior work usually predicts, ranks, filters, or imitates observed behavior rather than preserving unrealized branches.",The observed outcome is enough to supervise the model.,"Contact mode support, embodiment limits, and deployment perturbations.","Branch collapse, hidden-mode shift, and tail-risk planning failures.",Generic world models and generic uncertainty are crowded.,Workspace topology change detection keeps action-critical alternatives explicit until a physical observation collapses them.
80,doi:10.1049/csy2.70051,SCU‐T‐MPC: Risk‐Aware and Socially Compliant Topological Motion Planning Under Uncertainty,2026,IET Cyber-Systems and Robotics,https://doi.org/10.1049/csy2.70051,Addresses robot scene understanding or a neighboring robotics mechanism.,"Prior work usually predicts, ranks, filters, or imitates observed behavior rather than preserving unrealized branches.",The observed outcome is enough to supervise the model.,"Contact mode support, embodiment limits, and deployment perturbations.","Branch collapse, hidden-mode shift, and tail-risk planning failures.",Generic world models and generic uncertainty are crowded.,Workspace topology change detection keeps action-critical alternatives explicit until a physical observation collapses them.
81,doi:10.1177/02783649251324554,Robust and topology-aware motion planning with moving obstacles,2025,The International Journal of Robotics Research,https://doi.org/10.1177/02783649251324554,Addresses robot scene understanding or a neighboring robotics mechanism.,"Prior work usually predicts, ranks, filters, or imitates observed behavior rather than preserving unrealized branches.",The observed outcome is enough to supervise the model.,"Contact mode support, embodiment limits, and deployment perturbations.","Branch collapse, hidden-mode shift, and tail-risk planning failures.",Generic world models and generic uncertainty are crowded.,Workspace topology change detection keeps action-critical alternatives explicit until a physical observation collapses them.
82,doi:10.15607/rss.2020.xvi.052,Motion Planning for Variable Topology Truss Modular Robot,2020,Robotics: Science and Systems XVI,https://doi.org/10.15607/rss.2020.xvi.052,Addresses robot scene understanding or a neighboring robotics mechanism.,"Prior work usually predicts, ranks, filters, or imitates observed behavior rather than preserving unrealized branches.",The observed outcome is enough to supervise the model.,"Contact mode support, embodiment limits, and deployment perturbations.","Branch collapse, hidden-mode shift, and tail-risk planning failures.",Generic world models and generic uncertainty are crowded.,Workspace topology change detection keeps action-critical alternatives explicit until a physical observation collapses them.
83,doi:10.1017/s0263574723001261,Design of an optimized gait planning generator for a quadruped robot using the decision tree and random forest workspace model,2023,Robotica,https://doi.org/10.1017/s0263574723001261,Addresses robot scene understanding or a neighboring robotics mechanism.,"Prior work usually predicts, ranks, filters, or imitates observed behavior rather than preserving unrealized branches.",The observed outcome is enough to supervise the model.,"Contact mode support, embodiment limits, and deployment perturbations.","Branch collapse, hidden-mode shift, and tail-risk planning failures.",Generic world models and generic uncertainty are crowded.,Workspace topology change detection keeps action-critical alternatives explicit until a physical observation collapses them.
84,doi:10.3390/electronics10040471,A Survey on Deep Learning Based Approaches for Scene Understanding in Autonomous Driving,2021,Electronics,https://doi.org/10.3390/electronics10040471,Addresses robot scene understanding or a neighboring robotics mechanism.,"Prior work usually predicts, ranks, filters, or imitates observed behavior rather than preserving unrealized branches.",The observed outcome is enough to supervise the model.,"Contact mode support, embodiment limits, and deployment perturbations.","Branch collapse, hidden-mode shift, and tail-risk planning failures.",Generic world models and generic uncertainty are crowded.,Workspace topology change detection keeps action-critical alternatives explicit until a physical observation collapses them.
85,arxiv:2506.07454v2,Language-Grounded Hierarchical Planning and Execution with Multi-Robot 3D Scene Graphs,2025,arXiv,http://arxiv.org/abs/2506.07454v2,Addresses robot scene understanding or a neighboring robotics mechanism.,"Prior work usually predicts, ranks, filters, or imitates observed behavior rather than preserving unrealized branches.",The observed outcome is enough to supervise the model.,"Contact mode support, embodiment limits, and deployment perturbations.","Branch collapse, hidden-mode shift, and tail-risk planning failures.",Generic world models and generic uncertainty are crowded.,Workspace topology change detection keeps action-critical alternatives explicit until a physical observation collapses them.
86,doi:10.1109/ojvt.2024.3428645,An Uncertainty-Aware Lane Change Motion Planning Algorithm Based on Probabilistic Trajectory Prediction Distribution,2024,IEEE Open Journal of Vehicular Technology,https://doi.org/10.1109/ojvt.2024.3428645,Addresses robot scene understanding or a neighboring robotics mechanism.,"Prior work usually predicts, ranks, filters, or imitates observed behavior rather than preserving unrealized branches.",The observed outcome is enough to supervise the model.,"Contact mode support, embodiment limits, and deployment perturbations.","Branch collapse, hidden-mode shift, and tail-risk planning failures.",Generic world models and generic uncertainty are crowded.,Workspace topology change detection keeps action-critical alternatives explicit until a physical observation collapses them.
87,doi:10.3390/s22218101,Deep Learning-Based NMPC for Local Motion Planning of Last-Mile Delivery Robot,2022,Sensors,https://doi.org/10.3390/s22218101,Addresses robot scene understanding or a neighboring robotics mechanism.,"Prior work usually predicts, ranks, filters, or imitates observed behavior rather than preserving unrealized branches.",The observed outcome is enough to supervise the model.,"Contact mode support, embodiment limits, and deployment perturbations.","Branch collapse, hidden-mode shift, and tail-risk planning failures.",Generic world models and generic uncertainty are crowded.,Workspace topology change detection keeps action-critical alternatives explicit until a physical observation collapses them.
88,doi:10.1002/rob.20396,Anytime online novelty and change detection for mobile robots,2011,Journal of Field Robotics,https://doi.org/10.1002/rob.20396,Addresses robot scene understanding or a neighboring robotics mechanism.,"Prior work usually predicts, ranks, filters, or imitates observed behavior rather than preserving unrealized branches.",The observed outcome is enough to supervise the model.,"Contact mode support, embodiment limits, and deployment perturbations.","Branch collapse, hidden-mode shift, and tail-risk planning failures.",Generic world models and generic uncertainty are crowded.,Workspace topology change detection keeps action-critical alternatives explicit until a physical observation collapses them.
89,doi:10.1109/icra.2011.5979557,Alignment and 3D scene change detection for segmentation in autonomous earth moving,2011,2011 IEEE International Conference on Robotics and Automation,https://doi.org/10.1109/icra.2011.5979557,Addresses robot scene understanding or a neighboring robotics mechanism.,"Prior work usually predicts, ranks, filters, or imitates observed behavior rather than preserving unrealized branches.",The observed outcome is enough to supervise the model.,"Contact mode support, embodiment limits, and deployment perturbations.","Branch collapse, hidden-mode shift, and tail-risk planning failures.",Generic world models and generic uncertainty are crowded.,Workspace topology change detection keeps action-critical alternatives explicit until a physical observation collapses them.
90,doi:10.1109/icetci57876.2023.10176869,Trajectory Planning of Autonomous Mobile Robot using Model Predictive Control in Human-Robot Shared Workspace,2023,"2023 IEEE 3rd International Conference on Electronic Technology, Communication and Information (ICETCI)",https://doi.org/10.1109/icetci57876.2023.10176869,Addresses robot scene understanding or a neighboring robotics mechanism.,"Prior work usually predicts, ranks, filters, or imitates observed behavior rather than preserving unrealized branches.",The observed outcome is enough to supervise the model.,"Contact mode support, embodiment limits, and deployment perturbations.","Branch collapse, hidden-mode shift, and tail-risk planning failures.",Generic world models and generic uncertainty are crowded.,Workspace topology change detection keeps action-critical alternatives explicit until a physical observation collapses them.
91,doi:10.15607/rss.2024.xx.114,Real-Time Anomaly Detection and Reactive Planning with Large Language Models,2024,Robotics: Science and Systems XX,https://doi.org/10.15607/rss.2024.xx.114,Addresses robot scene understanding or a neighboring robotics mechanism.,"Prior work usually predicts, ranks, filters, or imitates observed behavior rather than preserving unrealized branches.",The observed outcome is enough to supervise the model.,"Contact mode support, embodiment limits, and deployment perturbations.","Branch collapse, hidden-mode shift, and tail-risk planning failures.",Generic world models and generic uncertainty are crowded.,Workspace topology change detection keeps action-critical alternatives explicit until a physical observation collapses them.
92,doi:10.2352/issn.2470-1173.2019.7.iriacv-465,Improved 3D Scene Modeling for Image Registration in Change Detection,2019,Electronic Imaging,https://doi.org/10.2352/issn.2470-1173.2019.7.iriacv-465,Addresses robot scene understanding or a neighboring robotics mechanism.,"Prior work usually predicts, ranks, filters, or imitates observed behavior rather than preserving unrealized branches.",The observed outcome is enough to supervise the model.,"Contact mode support, embodiment limits, and deployment perturbations.","Branch collapse, hidden-mode shift, and tail-risk planning failures.",Generic world models and generic uncertainty are crowded.,Workspace topology change detection keeps action-critical alternatives explicit until a physical observation collapses them.
93,doi:10.1016/j.engfailanal.2018.10.011,Understanding the power transformer component failures for health index-based maintenance planning in electric utilities,2019,Engineering Failure Analysis,https://doi.org/10.1016/j.engfailanal.2018.10.011,Addresses robot scene understanding or a neighboring robotics mechanism.,"Prior work usually predicts, ranks, filters, or imitates observed behavior rather than preserving unrealized branches.",The observed outcome is enough to supervise the model.,"Contact mode support, embodiment limits, and deployment perturbations.","Branch collapse, hidden-mode shift, and tail-risk planning failures.",Generic world models and generic uncertainty are crowded.,Workspace topology change detection keeps action-critical alternatives explicit until a physical observation collapses them.
94,doi:10.1177/0278364911429335,GPU-based parallel collision detection for fast motion planning,2012,The International Journal of Robotics Research,https://doi.org/10.1177/0278364911429335,Addresses robot scene understanding or a neighboring robotics mechanism.,"Prior work usually predicts, ranks, filters, or imitates observed behavior rather than preserving unrealized branches.",The observed outcome is enough to supervise the model.,"Contact mode support, embodiment limits, and deployment perturbations.","Branch collapse, hidden-mode shift, and tail-risk planning failures.",Generic world models and generic uncertainty are crowded.,Workspace topology change detection keeps action-critical alternatives explicit until a physical observation collapses them.
95,doi:10.1101/2025.05.13.653727,Multi-model reinforcement learning with online retrospective change point detection,,,https://doi.org/10.1101/2025.05.13.653727,Addresses robot scene understanding or a neighboring robotics mechanism.,"Prior work usually predicts, ranks, filters, or imitates observed behavior rather than preserving unrealized branches.",The observed outcome is enough to supervise the model.,"Contact mode support, embodiment limits, and deployment perturbations.","Branch collapse, hidden-mode shift, and tail-risk planning failures.",Generic world models and generic uncertainty are crowded.,Workspace topology change detection keeps action-critical alternatives explicit until a physical observation collapses them.
96,doi:10.1109/tgrs.2024.3370556,Contrastive Scene Change Representation Learning for High-Resolution Remote Sensing Scene Change Detection,2024,IEEE Transactions on Geoscience and Remote Sensing,https://doi.org/10.1109/tgrs.2024.3370556,Addresses robot scene understanding or a neighboring robotics mechanism.,"Prior work usually predicts, ranks, filters, or imitates observed behavior rather than preserving unrealized branches.",The observed outcome is enough to supervise the model.,"Contact mode support, embodiment limits, and deployment perturbations.","Branch collapse, hidden-mode shift, and tail-risk planning failures.",Generic world models and generic uncertainty are crowded.,Workspace topology change detection keeps action-critical alternatives explicit until a physical observation collapses them.
97,doi:10.1609/icaps.v34i1.31506,SayNav: Grounding Large Language Models for Dynamic Planning to Navigation in New Environments,2024,Proceedings of the International Conference on Automated Planning and Scheduling,https://doi.org/10.1609/icaps.v34i1.31506,Addresses robot scene understanding or a neighboring robotics mechanism.,"Prior work usually predicts, ranks, filters, or imitates observed behavior rather than preserving unrealized branches.",The observed outcome is enough to supervise the model.,"Contact mode support, embodiment limits, and deployment perturbations.","Branch collapse, hidden-mode shift, and tail-risk planning failures.",Generic world models and generic uncertainty are crowded.,Workspace topology change detection keeps action-critical alternatives explicit until a physical observation collapses them.
98,doi:10.1109/iros58592.2024.10802303,ROG-Map: An Efficient Robocentric Occupancy Grid Map for Large-scene and High-resolution LiDAR-based Motion Planning,2024,2024 IEEE/RSJ International Conference on Intelligent Robots and Systems (IROS),https://doi.org/10.1109/iros58592.2024.10802303,Addresses robot scene understanding or a neighboring robotics mechanism.,"Prior work usually predicts, ranks, filters, or imitates observed behavior rather than preserving unrealized branches.",The observed outcome is enough to supervise the model.,"Contact mode support, embodiment limits, and deployment perturbations.","Branch collapse, hidden-mode shift, and tail-risk planning failures.",Generic world models and generic uncertainty are crowded.,Workspace topology change detection keeps action-critical alternatives explicit until a physical observation collapses them.
99,doi:10.3390/app15031165,Progress in Construction Robot Path-Planning Algorithms: Review,2025,Applied Sciences,https://doi.org/10.3390/app15031165,Addresses robot scene understanding or a neighboring robotics mechanism.,"Prior work usually predicts, ranks, filters, or imitates observed behavior rather than preserving unrealized branches.",The observed outcome is enough to supervise the model.,"Contact mode support, embodiment limits, and deployment perturbations.","Branch collapse, hidden-mode shift, and tail-risk planning failures.",Generic world models and generic uncertainty are crowded.,Workspace topology change detection keeps action-critical alternatives explicit until a physical observation collapses them.
100,doi:10.52202/075280-1693,PlanBench: An Extensible Benchmark for Evaluating Large Language Models on Planning and Reasoning about Change,2023,Advances in Neural Information Processing Systems 36,https://doi.org/10.52202/075280-1693,Addresses robot scene understanding or a neighboring robotics mechanism.,"Prior work usually predicts, ranks, filters, or imitates observed behavior rather than preserving unrealized branches.",The observed outcome is enough to supervise the model.,"Contact mode support, embodiment limits, and deployment perturbations.","Branch collapse, hidden-mode shift, and tail-risk planning failures.",Generic world models and generic uncertainty are crowded.,Workspace topology change detection keeps action-critical alternatives explicit until a physical observation collapses them.
